account_id,amount,hour_of_day,distance_from_home_km,velocity_last_24h
ACC-55919,87.25,3,26.0,6
ACC-93467,30.12,22,38.0,3
ACC-93281,166.49,6,5.0,5
ACC-83542,66.33,9,15.1,3
ACC-15695,38.98,13,6.9,9
ACC-59751,134.46,3,5.5,2
ACC-65293,28.37,12,26.1,1
ACC-87899,108.55,15,40.8,5
ACC-30463,13.03,23,5.1,3
ACC-27357,150.61,2,11.3,6
ACC-32056,31.03,17,26.3,1
ACC-97684,66.53,18,28.6,4
ACC-45391,1450.0,3,230.5,14
ACC-71173,328.83,4,9.9,3
ACC-81996,14.18,22,2.2,2
ACC-88556,181.46,1,6.8,5
ACC-29566,57.32,19,14.0,2
ACC-96493,198.98,8,9.5,5
ACC-42817,61.46,6,5.4,3
ACC-73315,29.94,4,31.2,2
ACC-88447,77.72,12,15.0,3
ACC-63619,50.41,5,2.4,2
ACC-94851,74.8,0,21.9,6
ACC-28491,56.53,12,15.1,4
ACC-19772,26.35,2,9.5,5
ACC-38488,96.2,7,8.4,3
ACC-93193,114.5,5,3.4,2
ACC-25436,146.01,12,8.7,3
ACC-30191,33.43,22,2.0,3
ACC-73083,71.08,17,2.0,5
ACC-84071,15.77,12,14.2,0
ACC-98169,34.99,2,17.4,2
ACC-87257,119.86,3,7.0,4
ACC-81919,143.83,0,46.2,3
ACC-13748,153.89,11,12.2,1
ACC-31459,86.11,7,64.4,3
ACC-31311,170.97,10,5.2,3
ACC-82199,43.99,2,5.4,4
ACC-60058,21.54,9,75.1,4
ACC-10436,23.22,5,6.2,2
ACC-23752,26.47,2,2.7,1
ACC-38263,10.08,22,20.3,4
ACC-25654,26.72,15,7.2,5
ACC-13401,183.77,14,14.8,2
ACC-66756,97.19,14,3.9,3
ACC-48290,980.5,2,185.0,11
ACC-79111,70.13,10,18.4,3
ACC-60503,49.38,22,27.5,3
ACC-62111,34.45,3,19.0,2
ACC-25660,41.18,22,5.8,5
ACC-80144,76.92,4,7.8,1
ACC-87428,116.77,9,23.3,2
ACC-79994,19.09,18,13.6,2
ACC-80796,95.24,5,23.0,4
ACC-53281,10.35,13,9.1,2
ACC-72200,78.36,18,24.2,2
ACC-72451,49.22,15,2.9,3
ACC-85215,24.56,2,10.5,2
ACC-48753,74.83,1,17.3,2
ACC-83693,11.17,20,7.1,3
ACC-23976,128.53,9,16.4,2
ACC-65972,58.46,23,16.3,2
ACC-13775,40.13,8,3.9,3
ACC-42019,46.05,13,44.6,2
ACC-94466,30.02,6,13.2,3
ACC-71859,48.44,16,1.5,4
ACC-16686,273.53,6,2.3,5
ACC-22787,100.65,23,58.1,2
ACC-36556,57.83,8,1.8,2
ACC-23927,50.34,14,5.1,5
ACC-62123,14.54,21,41.0,3
ACC-79384,73.38,21,1.3,8
ACC-93798,92.65,16,40.9,4
ACC-52778,48.95,19,51.5,6
ACC-68867,85.04,9,4.6,3
ACC-22119,95.73,20,58.3,3
ACC-21950,20.55,14,7.5,1
ACC-55103,71.04,23,23.3,3
ACC-12998,139.04,10,24.0,4
ACC-45557,10.76,12,4.6,4
ACC-56217,114.59,6,5.5,2
ACC-51981,209.43,10,25.4,3
ACC-28093,17.22,22,13.5,4
ACC-58514,48.58,3,6.2,4
ACC-52386,47.43,8,12.2,5
ACC-59391,73.01,5,23.3,3
ACC-49004,39.95,15,15.1,2
ACC-10907,42.7,6,1.4,3
ACC-65803,33.98,7,13.8,2
ACC-92314,68.28,21,1.2,0
ACC-72942,23.28,5,7.7,0
ACC-78003,232.61,8,4.7,3
ACC-39212,147.55,12,17.2,4
ACC-96867,18.27,6,5.7,3
ACC-73828,86.15,5,2.6,5
ACC-76863,162.32,18,2.8,0
ACC-87326,70.23,8,26.0,3
ACC-65801,53.95,11,2.9,4
ACC-84675,112.43,13,3.7,2
ACC-14056,22.66,15,5.3,6
ACC-72567,37.21,21,3.9,5
ACC-59147,29.18,10,1.3,8
ACC-53079,27.22,12,36.5,3
ACC-22228,103.07,7,28.3,4
ACC-68612,196.72,6,5.6,4
ACC-26279,52.23,9,17.0,4
ACC-77235,12.04,22,1.5,6
ACC-46047,68.29,2,6.7,4
ACC-12274,36.69,16,37.8,3
ACC-51411,55.6,16,28.2,0
ACC-73314,11.56,5,1.6,1
ACC-85213,34.27,7,4.3,2
ACC-63294,136.67,9,6.6,2
ACC-77557,43.85,8,18.1,4
ACC-40710,65.75,8,3.8,2
ACC-39469,86.37,8,5.6,0
ACC-37797,139.61,22,7.5,4
ACC-47242,126.53,19,20.2,2
ACC-81701,104.97,13,1.0,2
ACC-30945,31.96,10,25.4,2
ACC-53543,33.73,6,1.9,3
ACC-52238,123.63,6,18.1,2
ACC-93038,64.97,13,7.9,1
ACC-35287,28.54,16,16.5,3
ACC-49451,10.82,20,7.1,7
ACC-67291,36.31,17,10.7,5
ACC-62182,42.44,22,1.6,6
ACC-12265,115.04,15,5.5,3
ACC-53711,156.85,18,1.8,2
ACC-63330,101.48,5,41.2,3
ACC-44435,81.87,16,23.7,4
ACC-65992,123.39,2,18.9,4
ACC-86671,14.2,2,14.0,2
ACC-14750,108.6,18,25.4,2
ACC-62607,14.52,14,26.3,4
ACC-12100,19.22,6,11.9,2
ACC-13469,94.41,8,10.1,0
ACC-93887,28.79,5,4.9,3
ACC-32449,61.54,2,14.2,4
ACC-49316,10.88,4,4.3,4
ACC-80460,14.85,6,3.2,6
ACC-29247,19.61,20,1.2,2
ACC-74882,37.15,18,6.7,2
ACC-85037,65.87,2,6.8,4
ACC-91724,25.13,23,3.9,1
ACC-65605,177.07,23,2.2,4
ACC-38043,29.37,23,4.8,4
ACC-67384,87.04,13,14.9,1
ACC-71659,102.72,5,20.0,3
ACC-77480,403.44,20,4.2,5
ACC-67124,110.68,0,22.4,6
ACC-41742,39.21,6,1.5,4
ACC-23990,36.42,7,17.2,1
ACC-33177,98.37,1,3.9,1
ACC-39821,35.28,19,26.2,1
ACC-46404,41.07,18,11.1,0
ACC-68155,86.83,0,9.0,3
ACC-81236,42.87,1,9.1,6
ACC-79316,18.26,10,7.9,5
ACC-53492,65.01,22,7.0,4
ACC-72525,23.12,2,14.3,1
ACC-61470,51.1,6,7.6,1
ACC-68780,190.87,12,5.2,1
ACC-13159,48.15,1,14.1,1
ACC-55614,75.04,15,32.0,6
ACC-10144,31.88,10,10.8,3
ACC-88790,70.98,7,2.0,3
ACC-64727,85.16,1,17.3,4
ACC-65392,121.64,18,15.2,4
ACC-45962,34.36,13,14.3,6
ACC-57339,31.43,21,3.4,1
ACC-80642,32.94,4,16.2,3
ACC-20727,48.58,10,8.8,4
ACC-74493,67.87,7,1.0,7
ACC-64348,150.53,1,2.9,4
ACC-81912,428.63,5,12.6,2
ACC-82337,40.44,3,26.0,4
ACC-40681,16.89,18,2.9,7
ACC-26130,122.06,2,1.8,1
ACC-39746,57.99,19,3.7,3
ACC-85864,95.66,14,3.0,5
ACC-10591,75.63,12,3.1,6
ACC-69897,78.26,4,12.1,2
ACC-44653,155.84,23,50.7,2
ACC-21782,59.4,13,1.1,2
ACC-98412,24.12,18,9.0,3
ACC-51514,18.53,4,2.3,3
ACC-75558,248.81,4,33.9,2
ACC-52361,26.98,22,14.8,2
ACC-75392,26.68,8,57.9,4
ACC-83620,80.66,7,38.6,4
ACC-55977,52.23,10,6.2,1
ACC-58054,91.23,2,5.6,4
ACC-55127,89.94,19,5.9,3
ACC-62731,55.04,19,1.6,4
ACC-93912,18.81,4,2.7,2
ACC-39405,151.51,11,18.1,1
ACC-90064,25.29,16,6.9,4
ACC-63100,46.61,16,16.5,4
ACC-49487,168.18,1,7.9,1
